phone,source_url,source_type,context
610-660-1000,https://directory.sju.edu/,HTML,"ity Ave. Philadelphia, PA 19131 | (610) 660-1000 Accessibility Copyright Privacy Title IX 610-660-1000"
610-660-1000,https://directory.sju.edu/,HTML,"iversity Directory Saint Joseph's University logo 5600 City Ave. Philadelphia, PA 19131 | (610) 660-1000 Accessibility Copyright Privacy Title IX 610-660-1000"
610-660-1000,https://www.sju.edu/,HTML,"City Ave. Philadelphia, PA 19131 (610) 660-1000 Accessibility Copyright Privacy Title IX 610-660-1000"
610-660-1000,https://www.sju.edu/,HTML,"irectory Library Public Safety University Directory 5600 City Ave. Philadelphia, PA 19131 (610) 660-1000 Accessibility Copyright Privacy Title IX 610-660-1000"
610-660-1000,https://www.sju.edu/about,HTML,"City Ave. Philadelphia, PA 19131 (610) 660-1000 Accessibility Copyright Privacy Title IX 610-660-1000"
610-660-1000,https://www.sju.edu/about,HTML,"irectory Library Public Safety University Directory 5600 City Ave. Philadelphia, PA 19131 (610) 660-1000 Accessibility Copyright Privacy Title IX 610-660-1000"
610-660-1000,https://www.sju.edu/academics,HTML,"City Ave. Philadelphia, PA 19131 (610) 660-1000 Accessibility Copyright Privacy Title IX 610-660-1000"
610-660-1000,https://www.sju.edu/academics,HTML,"irectory Library Public Safety University Directory 5600 City Ave. Philadelphia, PA 19131 (610) 660-1000 Accessibility Copyright Privacy Title IX 610-660-1000"
610-660-1000,https://www.sju.edu/academics/graduate,HTML,"City Ave. Philadelphia, PA 19131 (610) 660-1000 Accessibility Copyright Privacy Title IX 610-660-1000"
610-660-1000,https://www.sju.edu/academics/graduate,HTML,"irectory Library Public Safety University Directory 5600 City Ave. Philadelphia, PA 19131 (610) 660-1000 Accessibility Copyright Privacy Title IX 610-660-1000"
610-660-1000,https://www.sju.edu/academics/online-continuing-education,HTML,"City Ave. Philadelphia, PA 19131 (610) 660-1000 Accessibility Copyright Privacy Title IX 610-660-1000"
610-660-1000,https://www.sju.edu/academics/online-continuing-education,HTML,"irectory Library Public Safety University Directory 5600 City Ave. Philadelphia, PA 19131 (610) 660-1000 Accessibility Copyright Privacy Title IX 610-660-1000"
610-660-1000,https://www.sju.edu/academics/undergraduate,HTML,"City Ave. Philadelphia, PA 19131 (610) 660-1000 Accessibility Copyright Privacy Title IX 610-660-1000"
610-660-1000,https://www.sju.edu/academics/undergraduate,HTML,"irectory Library Public Safety University Directory 5600 City Ave. Philadelphia, PA 19131 (610) 660-1000 Accessibility Copyright Privacy Title IX 610-660-1000"
610-660-1000,https://www.sju.edu/admission,HTML,"City Ave. Philadelphia, PA 19131 (610) 660-1000 Accessibility Copyright Privacy Title IX 610-660-1000"
610-660-1000,https://www.sju.edu/admission,HTML,"irectory Library Public Safety University Directory 5600 City Ave. Philadelphia, PA 19131 (610) 660-1000 Accessibility Copyright Privacy Title IX 610-660-1000"
610-660-1000,https://www.sju.edu/admission/continuing-education,HTML,"City Ave. Philadelphia, PA 19131 (610) 660-1000 Accessibility Copyright Privacy Title IX 610-660-1000"
610-660-1000,https://www.sju.edu/admission/continuing-education,HTML,"irectory Library Public Safety University Directory 5600 City Ave. Philadelphia, PA 19131 (610) 660-1000 Accessibility Copyright Privacy Title IX 610-660-1000"
610-660-1000,https://www.sju.edu/admission/graduate,HTML,"City Ave. Philadelphia, PA 19131 (610) 660-1000 Accessibility Copyright Privacy Title IX 610-660-1000"
610-660-1000,https://www.sju.edu/admission/graduate,HTML,"irectory Library Public Safety University Directory 5600 City Ave. Philadelphia, PA 19131 (610) 660-1000 Accessibility Copyright Privacy Title IX 610-660-1000"
610-660-1000,https://www.sju.edu/admission/transfer,HTML,"iladelphia, PA 19131 (610) 660-1000 Accessibility Copyright Privacy Title IX 610-660-1300 610-660-1000"
610-660-1000,https://www.sju.edu/admission/transfer,HTML,"irectory Library Public Safety University Directory 5600 City Ave. Philadelphia, PA 19131 (610) 660-1000 Accessibility Copyright Privacy Title IX 610-660-1300 610-660-1000"
610-660-1000,https://www.sju.edu/offices/marcomm/web-guide/accessibility,HTML,"City Ave. Philadelphia, PA 19131 (610) 660-1000 Accessibility Copyright Privacy Title IX 610-660-1000"
610-660-1000,https://www.sju.edu/offices/marcomm/web-guide/accessibility,HTML,"irectory Library Public Safety University Directory 5600 City Ave. Philadelphia, PA 19131 (610) 660-1000 Accessibility Copyright Privacy Title IX 610-660-1000"
610-660-1300,https://www.sju.edu/admission/transfer,HTML,"City Ave. Philadelphia, PA 19131 (610) 660-1000 Accessibility Copyright Privacy Title IX 610-660-1300 610-660-1000"
610-660-1300,https://www.sju.edu/admission/transfer,HTML,ll out the form below to request more information or email us at transfer@sju.edu or call 610-660-1300 . Request Information Information and Resources Check your application status Transfer Po
